Workbook

Sheet Summary
G1: USTT | K1: UKTT
A2: Type | B2: Sum of Plan- Aug | C2: Sum of Plan- Sep | D2: Sum of Plan- Oct | F2: Type | G2: Sum of Plan- Aug | H2: Sum of Plan- Sep | I2: Sum of Plan- Oct | J2: Type | K2: Sum of Plan- Aug | L2: Sum of Plan- Sep | M2: Sum of Plan- Oct
A3: Inhouse | B3: =G3+K3 -> 2112140 | C3: =H3+L3 -> 2162932 | D3: =I3+M3 -> 2119201.6 | F3: Inhouse | G3: =SUMIFS(USTT!D:D,USTT!$C:$C,Summary!$F$3) -> 1642500 | H3: =SUMIFS(USTT!E:E,USTT!$C:$C,Summary!$F$3) -> 1603500 | I3: =SUMIFS(USTT!F:F,USTT!$C:$C,Summary!$F$3) -> 1484000 | J3: Inhouse | K3: =SUMIFS(UKTT!D:D,UKTT!$C:$C,Summary!$J$3) -> 469640 | L3: =SUMIFS(UKTT!E:E,UKTT!$C:$C,Summary!$J$3) -> 559432 | M3: =SUMIFS(UKTT!F:F,UKTT!$C:$C,Summary!$J$3) -> 635201.6
A4: Outsource | B4: =G4+K4 -> 70000 | C4: =H4+L4 -> 62000 | D4: =I4+M4 -> 62000 | F4: Outsource | G4: =SUMIFS(USTT!D:D,USTT!$C:$C,Summary!$F$4) -> 15000 | H4: =SUMIFS(USTT!E:E,USTT!$C:$C,Summary!$F$4) -> 15000 | I4: =SUMIFS(USTT!F:F,USTT!$C:$C,Summary!$F$4) -> 15000 | J4: Outsource | K4: =SUMIFS(UKTT!D:D,UKTT!$C:$C,Summary!$J$4) -> 55000 | L4: =SUMIFS(UKTT!E:E,UKTT!$C:$C,Summary!$J$4) -> 47000 | M4: =SUMIFS(UKTT!F:F,UKTT!$C:$C,Summary!$J$4) -> 47000
A5: Grand Total | B5: =SUM(B3:B4) -> 2182140 | C5: =SUM(C3:C4) -> 2224932 | D5: =SUM(D3:D4) -> 2181201.6

Sheet USTT
D1: =SUM(D3:D29) -> 1657500 | E1: =SUM(E3:E29) -> 1618500 | F1: =SUM(F3:F29) -> 1499000
A2: FG Code | B2: FG Description | C2: Type | D2: AUG | E2: SEPT | F2: OCT
A3: USTTBA76 | B3: Rosemary & Rice Water Hair Spray-200ml - TikTok US | C3: Inhouse | D3: 620000 | E3: 600000 | F3: 500000
A4: USTTBA93 | B4: EXPERT | Ultra Smoothing Serum (100 ML) - TikTok US | C4: Inhouse | D4: 250000 | E4: 250000 | F4: 250000
A5: USTTBA9 | B5: EXPERT | Ultra Smoothing Hair Mask (250 gms) - TikTok US | C5: Inhouse | D5: 200000 | E5: 200000 | F5: 200000
A6: USTTBA10 | B6: EXPERT | Ultra Smoothing Shampoo (250 ML) - TikTok US | C6: Inhouse | D6: 150000 | E6: 150000 | F6: 150000
A7: USTTCAP16 | B7: Brightening body wash 236 ml - Tik Tok US | C7: Inhouse | D7: 125000 | E7: 100000 | F7: 100000
A8: USTTCAP24 | B8: Exfoliating Body Wash-236ml - Tiktok US | C8: Inhouse | D8: 90000 | E8: 90000 | F8: 90000
A9: USTTCAP62 | B9: AHA Body Lotion 236ml - Tik Tok US | C9: Inhouse | D9: 60000 | E9: 70000 | F9: 50000
A10: USTTBA48 | B10: CG Mask 250 gm (BA48) USTT | C10: Inhouse | D10: 18000 | E10: 15000 | F10: 15000
A11: USTTBA50 | B11: Curl Intensifying Leave in Conditioner USTT | C11: Inhouse | D11: 18000 | E11: 15000 | F11: 15000
A12: USTTBA49 | B12: CG Shampoo 250 ML (BA49) USTT | C12: Inhouse | D12: 18000 | E12: 15000 | F12: 15000
A13: USTTBA12 | B13: Expert-Volumnizing shampoo (BA12) USTT | C13: Inhouse | D13: 7500 | E13: 7500 | F13: 7500
A14: USTTCAP70 | B14: Roll On - White jasmine 40 ml- Tik Tok US | C14: Inhouse | D14: 10000 | E14: 10000 | F14: 10000
... A29: USBA107 | B29: Hair Density roll on -TikTok US | C29: Outsource | D29: 7500 | E29: 7500 | F29: 7500

Sheet UKTT
D1: =SUM(D3:D31) -> 524640 | E1: =SUM(E3:E31) -> 606432 | F1: =SUM(F3:F31) -> 682201.6
A2: FG Code | B2: FG Description | C2: Type | D2: AUG | E2: SEPT | F2: OCT
A3: UKTTBA76 | B3: Hair Growth Spray- TikTok UK | C3: Inhouse | D3: 200000 | E3: 240000 | F3: 288000
A4: UKTTCAP1 | B4: Acne Body Wash 236 ml-TikTok UK | C4: Inhouse | D4: 66000 | E4: 85800 | F4: 94380
A5: UKTTCAP24 | B5: Exfoliating Body Wash (236 ml) UK Tiktok | C5: Inhouse | D5: 50000 | E5: 50000 | F5: 50000
A6: UKTTBA24 | B6: Anti-Dandruff Shampoo 250 ml UKTT | C6: Inhouse | D6: 27390 | E6: 35607 | F6: 46289.1
A7: UKTTBA98 | B7: Anti-Dandruff Conditioner -175gm UKTT | C7: Inhouse | D7: 19250 | E7: 25025 | F7: 32532.5
A8: UKTTBA9 | B8: Ultra Smoothing Hair Mask- TikTok UK | C8: Inhouse | D8: 15000 | E8: 20000 | F8: 22000
A9: UKTTCAP2 | B9: Acne Body Wash 473 ml- TikTok UK | C9: Inhouse | D9: 7000 | E9: 10000 | F9: 10000
A10: UKTTBA10 | B10: Ultra Smoothing Shampoo 250 ml- TikTok UK | C10: Inhouse | D10: 12000 | E10: 12000 | F10: 10000
A11: UKTTCAP17 | B11: Brightening Body Wash (473 ml)-UK | C11: Inhouse | D11: 8000 | E11: 8000 | F11: 9000
A12: UKTTCAP16 | B12: Brightening Body Wash (236 ml)-UKTT | C12: Inhouse | D12: 7500 | E12: 7500 | F12: 7000
A13: UKTTCAP69 | B13: Roll on Woody Musk 40 ml - TikTok UK | C13: Inhouse | D13: 7000 | E13: 7000 | F13: 8000
A14: UKTTCAP34 | B14: Hydrating Body Wash (236 ml) UK Tiktok | C14: Inhouse | D14: 5000 | E14: 5000 | F14: 4500
... A20: UKTTCAP48 | B20: Roll On: Aqua 40 ml (Rectangular Monocarton)-TikTok UK | C20: Inhouse | D20: 2500 | E20: 2500 | F20: 2500
A21: UKTTBA11 | B21: expert-Volumnizing mask (UKTTBA11) | C21: Inhouse | D21: - | E21: 2500 | F21: 2500
A22: UKTTBA106 | B22: Root Lift & Volume Spray- 150ml UKTT | C22: Inhouse | D22: 5000 | E22: 5000 | F22: 5000
A23: UKTTCAP49 | B23: Roll on FF 40 ml - TikTok UK | C23: Inhouse | D23: 5000 | E23: 5000 | F23: 5000
A24: UKTTCAP50 | B24: Underarm Roll on - Peach Fragrance - Tiktok UK | C24: Inhouse | D24: - | E24: 2500 | F24: 2500
A25: UKTTCAP25 | B25: Exfoliating Body Wash (473 ml)-UK | C25: Inhouse | D25: 2000 | E25: 2500 | F25: 2500
A26: UKTTCAP168 | B26: Acidified Control Body Wash (236 ml) UKTT | C26: Inhouse | D26: 5000 | E26: 5000 | F26: 5000
A27: UKTTCAP105 | B27: Face Scrub (Exfoliating)- TikTok UK | C27: Inhouse | D27: - | E27: 2500 | F27: 2500
A28: UKTTBA63 | B28: Advance hair growth Serum-30ML | C28: Outsource | D28: 15000 | E28: 12000 | F28: 12000
A29: UKTTBA107 | B29: Advance hair growth Serum- Roll On | C29: Outsource | D29: 35000 | E29: 30000 | F29: 30000
A30: NO Code | B30: Advance hair Density Serum-30ML | C30: Outsource | D30: 2500 | E30: 2500 | F30: 2500
A31: NO Code | B31: Advance hair Density Serum- Roll On | C31: Outsource | D31: 2500 | E31: 2500 | F31: 2500
